\x{00B9},0x0031
\x{00BA},0x006F
\x{0132},0x0049,0x004A
\x{0133},0x0069,0x006A
\x{017F},0x0073
\x{01C7},0x004C,0x004A
\x{01C8},0x004C,0x006A
\x{01C9},0x006C,0x006A
\x{01CA},0x004E,0x004A
\x{01CB},0x004E,0x006A
\x{01CC},0x006E,0x006A
\x{01F1},0x0044,0x005A
\x{01F2},0x0044,0x007A
\x{01F3},0x0064,0x007A
\x{02B0},0x0068
\x{02B2},0x006A
\x{02B3},0x0072
\x{02B7},0x0077
\x{02B8},0x0079
\x{02E1},0x006C
\x{02E2},0x0073
\x{02E3},0x0078
\x{037E},0x003B
\x{03D0},0x03B2
\x{03D1},0x03B8
\x{03D2},0x03A5
\x{03D5},0x03C6
\x{03D6},0x03C0
\x{03F0},0x03BA
\x{03F1},0x03C1
\x{03F4},0x0398
\x{03F5},0x03B5
\x{03F9},0x03A3
\x{1D2C},0x0041
\x{1D2E},0x0042
\x{1D30},0x0044
\x{1D31},0x0045
\x{1D33},0x0047
\x{1D34},0x0048
\x{1D35},0x0049
\x{1D36},0x004A
\x{1D37},0x004B
\x{1D38},0x004C
\x{1D39},0x004D
\x{1D3A},0x004E
\x{1D3C},0x004F
\x{1D3E},0x0050
\x{1D3F},0x0052
\x{1D40},0x0054
\x{1D41},0x0055
\x{1D42},0x0057
\x{1D43},0x0061
\x{1D47},0x0062
\x{1D48},0x0064
\x{1D49},0x0065
\x{1D4D},0x0067
\x{1D4F},0x006B
\x{1D50},0x006D
\x{1D52},0x006F
\x{1D56},0x0070
\x{1D57},0x0074
\x{1D58},0x0075
\x{1D5B},0x0076
\x{1D5D},0x03B2
\x{1D5E},0x03B3
\x{1D5F},0x03B4
\x{1D60},0x03C6
\x{1D61},0x03C7
\x{1D62},0x0069
\x{1D63},0x0072
\x{1D64},0x0075
\x{1D65},0x0076
\x{1D66},0x03B2
\x{1D67},0x03B3
\x{1D68},0x03C1
\x{1D69},0x03C6
\x{1D6A},0x03C7
\x{1D78},0x043D
\x{1D9C},0x0063
\x{1DA0},0x0066
\x{1DBB},0x007A
\x{1DBF},0x03B8
\x{1FBE},0x03B9
\x{1FEF},0x0060
\x{2000},0x0020
\x{2001},0x0020
\x{2002},0x0020
\x{2003},0x0020
\x{2004},0x0020
\x{2005},0x0020
\x{2006},0x0020
\x{2007},0x0020
\x{2008},0x0020
\x{2009},0x0020
\x{200A},0x0020
\x{2011},0x2010
\x{2024},0x002E
\x{202F},0x0020
\x{2034},0x2032,0x2032,0x2032
\x{203C},0x0021,0x0021
\x{2043},0x002D
\x{2047},0x003F,0x003F
\x{2048},0x003F,0x0021
\x{2049},0x0021,0x003F
\x{2057},0x2032,0x2032,0x2032,0x2032
\x{205F},0x0020
\x{2070},0x0030
\x{2071},0x0069
\x{2074},0x0034
\x{2075},0x0035
\x{2076},0x0036
\x{2077},0x0037
\x{2078},0x0038
\x{2079},0x0039
\x{207A},0x002B
\x{207B},0x2212
\x{207C},0x003D
\x{207D},0x0028
\x{207E},0x0029
\x{207F},0x006E
\x{2080},0x0030
\x{2081},0x0031
\x{2082},0x0032
\x{2083},0x0033
\x{2084},0x0034
\x{2085},0x0035
\x{2086},0x0036
\x{2087},0x0037
\x{2088},0x0038
\x{2089},0x0039
\x{208A},0x002B
\x{208B},0x2212
\x{208C},0x003D
\x{208D},0x0028
\x{208E},0x0029
\x{2090},0x0061
\x{2091},0x0065
\x{2092},0x006F
\x{2093},0x0078
\x{2095},0x0068
\x{2096},0x006B
\x{2097},0x006C
\x{2098},0x006D
\x{2099},0x006E
\x{209A},0x0070
\x{209B},0x0073
\x{209C},0x0074
\x{20A8},0x0052,0x0073
\x{2100},0x0061,0x002F,0x0063
\x{2101},0x0061,0x002F,0x0073
\x{2102},0x0043
\x{2105},0x0063,0x002F,0x006F
\x{2106},0x0063,0x002F,0x0075
\x{2109},0x00B0,0x0046
\x{210A},0x0067
\x{210B},0x0048
\x{210C},0x0048
\x{210D},0x0048
\x{210E},0x0068
\x{2110},0x0049
\x{2111},0x0049
\x{2112},0x004C
\x{2113},0x006C
\x{2115},0x004E
\x{2116},0x004E,0x006F
\x{2119},0x0050
\x{211A},0x0051
\x{211B},0x0052
\x{211C},0x0052
\x{211D},0x0052
\x{2120},0x0053,0x004D
\x{2121},0x0054,0x0045,0x004C
\x{2122},0x0054,0x004D
\x{2124},0x005A
\x{2126},0x03A9
\x{2128},0x005A
\x{212A},0x004B
\x{212C},0x0042
\x{212D},0x0043
\x{212F},0x0065
\x{2130},0x0045
\x{2131},0x0046
\x{2133},0x004D
\x{2134},0x006F
\x{2139},0x0069
\x{213B},0x0046,0x0041,0x0058
\x{213C},0x03C0
\x{213D},0x03B3
\x{213E},0x0393
\x{213F},0x03A0
\x{2145},0x0044
\x{2146},0x0064
\x{2147},0x0065
\x{2148},0x0069
\x{2149},0x006A
\x{2160},0x0049
\x{2161},0x0049,0x0049
\x{2162},0x0049,0x0049,0x0049
\x{2163},0x0049,0x0056
\x{2164},0x0056
\x{2165},0x0056,0x0049
\x{2166},0x0056,0x0049,0x0049
\x{2167},0x0056,0x0049,0x0049,0x0049
\x{2168},0x0049,0x0058
\x{2169},0x0058
\x{216A},0x0058,0x0049
\x{216B},0x0058,0x0049,0x0049
\x{216C},0x004C
\x{216D},0x0043
\x{216E},0x0044
\x{216F},0x004D
\x{2170},0x0069
\x{2171},0x0069,0x0069
\x{2172},0x0069,0x0069,0x0069
\x{2173},0x0069,0x0076
\x{2174},0x0076
\x{2175},0x0076,0x0069
\x{2176},0x0076,0x0069,0x0069
\x{2177},0x0076,0x0069,0x0069,0x0069
\x{2178},0x0069,0x0078
\x{2179},0x0078
\x{217A},0x0078,0x0069
\x{217B},0x0078,0x0069,0x0069
\x{217C},0x006C
\x{217D},0x0063
\x{217E},0x0064
\x{217F},0x006D
\x{222D},0x222B,0x222B,0x222B
\x{2329},0x3008
\x{232A},0x3009
\x{2460},0x0031
\x{2461},0x0032
\x{2462},0x0033
\x{2463},0x0034
\x{2464},0x0035
\x{2465},0x0036
\x{2466},0x0037
\x{2467},0x0038
\x{2468},0x0039
\x{2469},0x0031,0x0030
\x{246A},0x0031,0x0031
\x{246B},0x0031,0x0032
\x{246C},0x0031,0x0033
\x{246D},0x0031,0x0034
\x{246E},0x0031,0x0035
\x{246F},0x0031,0x0036
\x{2470},0x0031,0x0037
\x{2471},0x0031,0x0038
\x{2472},0x0031,0x0039
\x{2473},0x0032,0x0030
\x{2474},0x0028,0x0031,0x0029
\x{2475},0x0028,0x0032,0x0029
\x{2476},0x0028,0x0033,0x0029
\x{2477},0x0028,0x0034,0x0029
\x{2478},0x0028,0x0035,0x0029
\x{2479},0x0028,0x0036,0x0029
\x{247A},0x0028,0x0037,0x0029
\x{247B},0x0028,0x0038,0x0029
\x{247C},0x0028,0x0039,0x0029
\x{247D},0x0028,0x0031,0x0030,0x0029
\x{247E},0x0028,0x0031,0x0031,0x0029
\x{247F},0x0028,0x0031,0x0032,0x0029
\x{2480},0x0028,0x0031,0x0033,0x0029
\x{2481},0x0028,0x0031,0x0034,0x0029
\x{2482},0x0028,0x0031,0x0035,0x0029
\x{2483},0x0028,0x0031,0x0036,0x0029
\x{2484},0x0028,0x0031,0x0037,0x0029
\x{2485},0x0028,0x0031,0x0038,0x0029
\x{2486},0x0028,0x0031,0x0039,0x0029
\x{2487},0x0028,0x0032,0x0030,0x0029
\x{2488},0x0031,0x002E
\x{2489},0x0032,0x002E
\x{248A},0x0033,0x002E
\x{248B},0x0034,0x002E
\x{248C},0x0035,0x002E
\x{248D},0x0036,0x002E
\x{248E},0x0037,0x002E
\x{248F},0x0038,0x002E
\x{2490},0x0039,0x002E
\x{2491},0x0031,0x0030,0x002E
\x{2492},0x0031,0x0031,0x002E
\x{2493},0x0031,0x0032,0x002E
\x{2494},0x0031,0x0033,0x002E
\x{2495},0x0031,0x0034,0x002E
\x{2496},0x0031,0x0035,0x002E
\x{2497},0x0031,0x0036,0x002E
\x{2498},0x0031,0x0037,0x002E
\x{2499},0x0031,0x0038,0x002E
\x{249A},0x0031,0x0039,0x002E
\x{249B},0x0032,0x0030,0x002E
\x{249C},0x0028,0x0061,0x0029
\x{249D},0x0028,0x0062,0x0029
\x{249E},0x0028,0x0063,0x0029
\x{249F},0x0028,0x0064,0x0029
\x{24A0},0x0028,0x0065,0x0029
\x{24A1},0x0028,0x0066,0x0029
\x{24A2},0x0028,0x0067,0x0029
\x{24A3},0x0028,0x0068,0x0029
\x{24A4},0x0028,0x0069,0x0029
\x{24A5},0x0028,0x006A,0x0029
\x{24A6},0x0028,0x006B,0x0029
\x{24A7},0x0028,0x006C,0x0029
\x{24A8},0x0028,0x006D,0x0029
\x{24A9},0x0028,0x006E,0x0029
\x{24AA},0x0028,0x006F,0x0029
\x{24AB},0x0028,0x0070,0x0029
\x{24AC},0x0028,0x0071,0x0029
\x{24AD},0x0028,0x0072,0x0029
\x{24AE},0x0028,0x0073,0x0029
\x{24AF},0x0028,0x0074,0x0029
\x{24B0},0x0028,0x0075,0x0029
\x{24B1},0x0028,0x0076,0x0029
\x{24B2},0x0028,0x0077,0x0029
\x{24B3},0x0028,0x0078,0x0029
\x{24B4},0x0028,0x0079,0x0029
\x{24B5},0x0028,0x007A,0x0029
\x{24B6},0x0041
\x{24B7},0x0042
\x{24B8},0x0043
\x{24B9},0x0044
\x{24BA},0x0045
\x{24BB},0x0046
\x{24BC},0x0047
\x{24BD},0x0048
\x{24BE},0x0049
\x{24BF},0x004A
\x{24C0},0x004B
\x{24C1},0x004C
\x{24C2},0x004D
\x{24C3},0x004E
\x{24C4},0x004F
\x{24C5},0x0050
\x{24C6},0x0051
\x{24C7},0x0052
\x{24C8},0x0053
\x{24C9},0x0054
\x{24CA},0x0055
\x{24CB},0x0056
\x{24CC},0x0057
\x{24CD},0x0058
\x{24CE},0x0059
\x{24CF},0x005A
\x{24D0},0x0061
\x{24D1},0x0062
\x{24D2},0x0063
\x{24D3},0x0064
\x{24D4},0x0065
\x{24D5},0x0066
\x{24D6},0x0067
\x{24D7},0x0068
\x{24D8},0x0069
\x{24D9},0x006A
\x{24DA},0x006B
\x{24DB},0x006C
\x{24DC},0x006D
\x{24DD},0x006E
\x{24DE},0x006F
\x{24DF},0x0070
\x{24E0},0x0071
\x{24E1},0x0072
\x{24E2},0x0073
\x{24E3},0x0074
\x{24E4},0x0075
\x{24E5},0x0076
\x{24E6},0x0077
\x{24E7},0x0078
\x{24E8},0x0079
\x{24E9},0x007A
\x{24EA},0x0030
\x{2A0C},0x222B,0x222B,0x222B,0x222B
\x{2A74},0x003A,0x003A,0x003D
\x{2A75},0x003D,0x003D
\x{2A76},0x003D,0x003D,0x003D
\x{2C7C},0x006A
\x{2C7D},0x0056
\x{2E86},0x5182
\x{2E8A},0x535C
\x{2E8E},0x5140
\x{2E90},0x5C22
\x{2E92},0x5DF3
\x{2E93},0x5E7A
\x{2E94},0x5F51
\x{2E99},0x6535
\x{2E9B},0x65E1
\x{2E9D},0x6708
\x{2E9F},0x6BCD
\x{2EA0},0x6C11
\x{2EA9},0x738B
\x{2EAC},0x793A
\x{2EB6},0x7F8A
\x{2EBC},0x6708
\x{2EC1},0x864E
\x{2EC4},0x897F
\x{2EC6},0x89D2
\x{2ED1},0x9577
\x{2ED7},0x96E8
\x{2EDD},0x98DF
\x{2EE3},0x9AA8
\x{2EE4},0x9B3C
\x{2EE8},0x9EA6
\x{2EE9},0x9EC4
\x{2EEB},0x6589
\x{2EED},0x6B6F
\x{2EEF},0x7ADC
\x{2EF1},0x9F9C
\x{2EF2},0x4E80
\x{2F00},0x4E00
\x{2F02},0x4E36
\x{2F03},0x4E3F
\x{2F04},0x4E59
\x{2F05},0x4E85
\x{2F06},0x4E8C
\x{2F07},0x4EA0
\x{2F08},0x4EBA
\x{2F09},0x513F
\x{2F0A},0x5165
\x{2F0B},0x516B
\x{2F0C},0x5182
\x{2F0D},0x5196
\x{2F0E},0x51AB
\x{2F0F},0x51E0
\x{2F10},0x51F5
\x{2F11},0x5200
\x{2F12},0x529B
\x{2F13},0x52F9
\x{2F14},0x5315
\x{2F15},0x531A
\x{2F16},0x5338
\x{2F17},0x5341
\x{2F18},0x535C
\x{2F19},0x5369
\x{2F1A},0x5382
\x{2F1B},0x53B6
\x{2F1C},0x53C8
\x{2F1D},0x53E3
\x{2F1E},0x56D7
\x{2F1F},0x571F
\x{2F20},0x58EB
\x{2F21},0x5902
\x{2F22},0x590A
\x{2F23},0x5915
\x{2F24},0x5927
\x{2F25},0x5973
\x{2F26},0x5B50
\x{2F27},0x5B80
\x{2F28},0x5BF8
\x{2F29},0x5C0F
\x{2F2A},0x5C22
\x{2F2B},0x5C38
\x{2F2C},0x5C6E
\x{2F2D},0x5C71
\x{2F2E},0x5DDB
\x{2F2F},0x5DE5
\x{2F30},0x5DF1
\x{2F31},0x5DFE
\x{2F32},0x5E72
\x{2F33},0x5E7A
\x{2F34},0x5E7F
\x{2F35},0x5EF4
\x{2F36},0x5EFE
\x{2F37},0x5F0B
\x{2F38},0x5F13
\x{2F3A},0x5F61
\x{2F3B},0x5F73
\x{2F3C},0x5FC3
\x{2F3D},0x6208
\x{2F3F},0x624B
\x{2F40},0x652F
\x{2F41},0x6534
\x{2F42},0x6587
\x{2F43},0x6597
\x{2F44},0x65A4
\x{2F45},0x65B9
\x{2F46},0x65E0
\x{2F47},0x65E5
\x{2F48},0x66F0
\x{2F49},0x6708
\x{2F4A},0x6728
\x{2F4B},0x6B20
\x{2F4C},0x6B62
\x{2F4D},0x6B79
\x{2F4E},0x6BB3
\x{2F4F},0x6BCB
\x{2F50},0x6BD4
\x{2F51},0x6BDB
\x{2F52},0x6C0F
\x{2F53},0x6C14
\x{2F54},0x6C34
\x{2F55},0x706B
\x{2F56},0x722A
\x{2F57},0x7236
\x{2F58},0x723B
\x{2F59},0x723F
\x{2F5A},0x7247
\x{2F5B},0x7259
\x{2F5C},0x725B
\x{2F5D},0x72AC
\x{2F5E},0x7384
\x{2F5F},0x7389
\x{2F60},0x74DC
\x{2F61},0x74E6
\x{2F62},0x7518
\x{2F63},0x751F
\x{2F64},0x7528
\x{2F65},0x7530
\x{2F66},0x758B
\x{2F68},0x7676
\x{2F69},0x767D
\x{2F6A},0x76AE
\x{2F6B},0x76BF
\x{2F6C},0x76EE
\x{2F6D},0x77DB
\x{2F6E},0x77E2
\x{2F6F},0x77F3
\x{2F70},0x793A
\x{2F72},0x79BE
\x{2F73},0x7A74
\x{2F74},0x7ACB
\x{2F75},0x7AF9
\x{2F76},0x7C73
\x{2F77},0x7CF8
\x{2F78},0x7F36
\x{2F79},0x7F51
\x{2F7A},0x7F8A
\x{2F7B},0x7FBD
\x{2F7C},0x8001
\x{2F7D},0x800C
\x{2F7E},0x8012
\x{2F7F},0x8033
\x{2F80},0x807F
\x{2F81},0x8089
\x{2F82},0x81E3
\x{2F83},0x81EA
\x{2F84},0x81F3
\x{2F85},0x81FC
\x{2F86},0x820C
\x{2F87},0x821B
\x{2F88},0x821F
\x{2F89},0x826E
\x{2F8A},0x8272
\x{2F8B},0x8278
\x{2F8C},0x864D
\x{2F8D},0x866B
\x{2F8E},0x8840
\x{2F8F},0x884C
\x{2F90},0x8863
\x{2F91},0x897E
\x{2F92},0x898B
\x{2F93},0x89D2
\x{2F94},0x8A00
\x{2F95},0x8C37
\x{2F96},0x8C46
\x{2F97},0x8C55
\x{2F98},0x8C78
\x{2F99},0x8C9D
\x{2F9A},0x8D64
\x{2F9B},0x8D70
\x{2F9C},0x8DB3
\x{2F9D},0x8EAB
\x{2F9E},0x8ECA
\x{2F9F},0x8F9B
\x{2FA0},0x8FB0
\x{2FA2},0x9091
\x{2FA3},0x9149
\x{2FA4},0x91C6
\x{2FA5},0x91CC
\x{2FA6},0x91D1
\x{2FA7},0x9577
\x{2FA8},0x9580
\x{2FA9},0x961C
\x{2FAA},0x96B6
\x{2FAB},0x96B9
\x{2FAC},0x96E8
\x{2FAE},0x975E
\x{2FAF},0x9762
\x{2FB0},0x9769
\x{2FB1},0x97CB
\x{2FB2},0x97ED
\x{2FB3},0x97F3
\x{2FB4},0x9801
\x{2FB5},0x98A8
\x{2FB6},0x98DB
\x{2FB7},0x98DF
\x{2FB8},0x9996
\x{2FB9},0x9999
\x{2FBA},0x99AC
\x{2FBB},0x9AA8
\x{2FBC},0x9AD8
\x{2FBD},0x9ADF
\x{2FBE},0x9B25
\x{2FBF},0x9B2F
\x{2FC0},0x9B32
\x{2FC1},0x9B3C
\x{2FC2},0x9B5A
\x{2FC3},0x9CE5
\x{2FC4},0x9E75
\x{2FC5},0x9E7F
\x{2FC6},0x9EA5
\x{2FC7},0x9EBB
\x{2FC9},0x9ECD
\x{2FCB},0x9EF9
\x{2FCC},0x9EFD
\x{2FCD},0x9F0E
\x{2FCE},0x9F13
\x{2FCF},0x9F20
\x{2FD0},0x9F3B
\x{2FD1},0x9F4A
\x{2FD2},0x9F52
\x{2FD3},0x9F8D
\x{2FD4},0x9F9C
\x{2FD5},0x9FA0
\x{2FF3},0x8863
\x{3036},0x3012
\x{3038},0x5341
\x{303A},0x5345
\x{309F},0x3088,0x308A
\x{30FF},0x30B3,0x30C8
\x{3107},0x5182
\x{3108},0x5338
\x{310F},0x5382
\x{3114},0x5F73
\x{3119},0x53B6
\x{3120},0x5E7A
\x{3121},0x53C8
\x{3124},0x5C22
\x{3126},0x513F
\x{3129},0x51F5
\x{3192},0x4E00
\x{3193},0x4E8C
\x{3194},0x4E09
\x{3195},0x56DB
\x{3196},0x4E0A
\x{3197},0x4E2D
\x{3198},0x4E0B
\x{3199},0x7532
\x{319A},0x4E59
\x{319B},0x4E19
\x{319C},0x4E01
\x{319D},0x5929
\x{319E},0x5730
\x{319F},0x4EBA
\x{31D3},0x4E3F
\x{31D4},0x4E36
\x{31DA},0x4E85
\x{31E0},0x4E59
\x{3220},0x0028,0x4E00,0x0029
\x{3221},0x0028,0x4E8C,0x0029
\x{3222},0x0028,0x4E09,0x0029
\x{3223},0x0028,0x56DB,0x0029
\x{3224},0x0028,0x4E94,0x0029
\x{3225},0x0028,0x516D,0x0029
\x{3226},0x0028,0x4E03,0x0029
\x{3227},0x0028,0x516B,0x0029
\x{3228},0x0028,0x4E5D,0x0029
\x{3229},0x0028,0x5341,0x0029
\x{322A},0x0028,0x6708,0x0029
\x{322B},0x0028,0x706B,0x0029
\x{322C},0x0028,0x6C34,0x0029
\x{322D},0x0028,0x6728,0x0029
\x{322E},0x0028,0x91D1,0x0029
\x{322F},0x0028,0x571F,0x0029
\x{3230},0x0028,0x65E5,0x0029
\x{3231},0x0028,0x682A,0x0029
\x{3232},0x0028,0x6709,0x0029
\x{3233},0x0028,0x793E,0x0029
\x{3234},0x0028,0x540D,0x0029
\x{3235},0x0028,0x7279,0x0029
\x{3236},0x0028,0x8CA1,0x0029
\x{3237},0x0028,0x795D,0x0029
\x{3238},0x0028,0x52B4,0x0029
\x{3239},0x0028,0x4EE3,0x0029
\x{323A},0x0028,0x547C,0x0029
\x{323B},0x0028,0x5B66,0x0029
\x{323C},0x0028,0x76E3,0x0029
\x{323D},0x0028,0x4F01,0x0029
\x{323E},0x0028,0x8CC7,0x0029
\x{323F},0x0028,0x5354,0x0029
\x{3240},0x0028,0x796D,0x0029
\x{3241},0x0028,0x4F11,0x0029
\x{3242},0x0028,0x81EA,0x0029
\x{3243},0x0028,0x81F3,0x0029
\x{3244},0x554F
\x{3245},0x5E7C
\x{3246},0x6587
\x{3247},0x7B8F
\x{3250},0x0050,0x0054,0x0045
\x{3251},0x0032,0x0031
\x{3252},0x0032,0x0032
\x{3253},0x0032,0x0033
\x{3254},0x0032,0x0034
\x{3255},0x0032,0x0035
\x{3256},0x0032,0x0036
\x{3257},0x0032,0x0037
\x{3258},0x0032,0x0038
\x{3259},0x0032,0x0039
\x{325A},0x0033,0x0030
\x{325B},0x0033,0x0031
\x{325C},0x0033,0x0032
\x{325D},0x0033,0x0033
\x{325E},0x0033,0x0034
\x{325F},0x0033,0x0035
\x{3280},0x4E00
\x{3281},0x4E8C
\x{3282},0x4E09
\x{3283},0x56DB
\x{3284},0x4E94
\x{3285},0x516D
\x{3286},0x4E03
\x{3287},0x516B
\x{3288},0x4E5D
\x{3289},0x5341
\x{328A},0x6708
\x{328B},0x706B
\x{328C},0x6C34
\x{328D},0x6728
\x{328E},0x91D1
\x{328F},0x571F
\x{3290},0x65E5
\x{3291},0x682A
\x{3292},0x6709
\x{3293},0x793E
\x{3294},0x540D
\x{3295},0x7279
\x{3296},0x8CA1
\x{3297},0x795D
\x{3298},0x52B4
\x{3299},0x79D8
\x{329A},0x7537
\x{329B},0x5973
\x{329C},0x9069
\x{329D},0x512A
\x{329E},0x5370
\x{329F},0x6CE8
\x{32A0},0x9805
\x{32A1},0x4F11
\x{32A2},0x5199
\x{32A3},0x6B63
\x{32A4},0x4E0A
\x{32A5},0x4E2D
\x{32A6},0x4E0B
\x{32A7},0x5DE6
\x{32A8},0x53F3
\x{32A9},0x533B
\x{32AA},0x5B97
\x{32AB},0x5B66
\x{32AC},0x76E3
\x{32AD},0x4F01
\x{32AE},0x8CC7
\x{32AF},0x5354
\x{32B0},0x591C
\x{32B1},0x0033,0x0036
\x{32B2},0x0033,0x0037
\x{32B3},0x0033,0x0038
\x{32B4},0x0033,0x0039
\x{32B5},0x0034,0x0030
\x{32B6},0x0034,0x0031
\x{32B7},0x0034,0x0032
\x{32B8},0x0034,0x0033
\x{32B9},0x0034,0x0034
\x{32BA},0x0034,0x0035
\x{32BB},0x0034,0x0036
\x{32BC},0x0034,0x0037
\x{32BD},0x0034,0x0038
\x{32BE},0x0034,0x0039
\x{32BF},0x0035,0x0030
\x{32C0},0x0031,0x6708
\x{32C1},0x0032,0x6708
\x{32C2},0x0033,0x6708
\x{32C3},0x0034,0x6708
\x{32C4},0x0035,0x6708
\x{32C5},0x0036,0x6708
\x{32C6},0x0037,0x6708
\x{32C7},0x0038,0x6708
\x{32C8},0x0039,0x6708
\x{32C9},0x0031,0x0030,0x6708
\x{32CA},0x0031,0x0031,0x6708
\x{32CB},0x0031,0x0032,0x6708
\x{32CC},0x0048,0x0067
\x{32CD},0x0065,0x0072,0x0067
\x{32CE},0x0065,0x0056
\x{32CF},0x004C,0x0054,0x0044
\x{32D0},0x30A2
\x{32D1},0x30A4
\x{32D2},0x30A6
\x{32D3},0x30A8
\x{32D4},0x30AA
\x{32D5},0x30AB
\x{32D6},0x30AD
\x{32D7},0x30AF
\x{32D8},0x30B1
\x{32D9},0x30B3
\x{32DA},0x30B5
\x{32DB},0x30B7
\x{32DC},0x30B9
\x{32DD},0x30BB
\x{32DE},0x30BD
\x{32DF},0x30BF
\x{32E0},0x30C1
\x{32E1},0x30C4
\x{32E2},0x30C6
\x{32E3},0x30C8
\x{32E4},0x30CA
\x{32E5},0x30CB
\x{32E6},0x30CC
\x{32E7},0x30CD
\x{32E8},0x30CE
\x{32E9},0x30CF
\x{32EA},0x30D2
\x{32EB},0x30D5
\x{32EC},0x30D8
\x{32ED},0x30DB
\x{32EE},0x30DE
\x{32EF},0x30DF
\x{32F0},0x30E0
\x{32F1},0x30E1
\x{32F2},0x30E2
\x{32F3},0x30E4
\x{32F4},0x30E6
\x{32F5},0x30E8
\x{32F6},0x30E9
\x{32F7},0x30EA
\x{32F8},0x30EB
\x{32F9},0x30EC
\x{32FA},0x30ED
\x{32FB},0x30EF
\x{32FC},0x30F0
\x{32FD},0x30F1
\x{32FE},0x30F2
\x{3300},0x30A2,0x30D1,0x30FC,0x30C8
\x{3301},0x30A2,0x30EB,0x30D5,0x30A1
\x{3302},0x30A2,0x30F3,0x30DA,0x30A2
\x{3303},0x30A2,0x30FC,0x30EB
\x{3304},0x30A4,0x30CB,0x30F3,0x30B0
\x{3305},0x30A4,0x30F3,0x30C1
\x{3306},0x30A6,0x30A9,0x30F3
\x{3307},0x30A8,0x30B9,0x30AF,0x30FC,0x30C9
\x{3308},0x30A8,0x30FC,0x30AB,0x30FC
\x{3309},0x30AA,0x30F3,0x30B9
\x{330A},0x30AA,0x30FC,0x30E0
\x{330B},0x30AB,0x30A4,0x30EA
\x{330C},0x30AB,0x30E9,0x30C3,0x30C8
\x{330D},0x30AB,0x30ED,0x30EA,0x30FC
\x{330E},0x30AC,0x30ED,0x30F3
\x{330F},0x30AC,0x30F3,0x30DE
\x{3310},0x30AE,0x30AC
\x{3311},0x30AE,0x30CB,0x30FC
\x{3312},0x30AD,0x30E5,0x30EA,0x30FC
\x{3313},0x30AE,0x30EB,0x30C0,0x30FC
\x{3314},0x30AD,0x30ED
\x{3315},0x30AD,0x30ED,0x30B0,0x30E9,0x30E0
\x{3316},0x30AD,0x30ED,0x30E1,0x30FC,0x30C8,0x30EB
\x{3317},0x30AD,0x30ED,0x30EF,0x30C3,0x30C8
\x{3318},0x30B0,0x30E9,0x30E0
\x{3319},0x30B0,0x30E9,0x30E0,0x30C8,0x30F3
\x{331A},0x30AF,0x30EB,0x30BC,0x30A4,0x30ED
\x{331B},0x30AF,0x30ED,0x30FC,0x30CD
\x{331C},0x30B1,0x30FC,0x30B9
\x{331D},0x30B3,0x30EB,0x30CA
\x{331E},0x30B3,0x30FC,0x30DD
\x{331F},0x30B5,0x30A4,0x30AF,0x30EB
\x{3320},0x30B5,0x30F3,0x30C1,0x30FC,0x30E0
\x{3321},0x30B7,0x30EA,0x30F3,0x30B0
\x{3322},0x30BB,0x30F3,0x30C1
\x{3323},0x30BB,0x30F3,0x30C8
\x{3324},0x30C0,0x30FC,0x30B9
\x{3325},0x30C7,0x30B7
\x{3326},0x30C9,0x30EB
\x{3327},0x30C8,0x30F3
\x{3328},0x30CA,0x30CE
\x{3329},0x30CE,0x30C3,0x30C8
\x{332A},0x30CF,0x30A4,0x30C4
\x{332B},0x30D1,0x30FC,0x30BB,0x30F3,0x30C8
\x{332C},0x30D1,0x30FC,0x30C4
\x{332D},0x30D0,0x30FC,0x30EC,0x30EB
\x{332E},0x30D4,0x30A2,0x30B9,0x30C8,0x30EB
\x{332F},0x30D4,0x30AF,0x30EB
\x{3330},0x30D4,0x30B3
\x{3331},0x30D3,0x30EB
\x{3332},0x30D5,0x30A1,0x30E9,0x30C3,0x30C9
\x{3333},0x30D5,0x30A3,0x30FC,0x30C8
\x{3334},0x30D6,0x30C3,0x30B7,0x30A7,0x30EB
\x{3335},0x30D5,0x30E9,0x30F3
\x{3336},0x30D8,0x30AF,0x30BF,0x30FC,0x30EB
\x{3337},0x30DA,0x30BD
\x{3338},0x30DA,0x30CB,0x30D2
\x{3339},0x30D8,0x30EB,0x30C4
\x{333A},0x30DA,0x30F3,0x30B9
\x{333B},0x30DA,0x30FC,0x30B8
\x{333C},0x30D9,0x30FC,0x30BF
\x{333D},0x30DD,0x30A4,0x30F3,0x30C8
\x{333E},0x30DC,0x30EB,0x30C8
\x{333F},0x30DB,0x30F3
\x{3340},0x30DD,0x30F3,0x30C9
\x{3341},0x30DB,0x30FC,0x30EB
\x{3342},0x30DB,0x30FC,0x30F3
\x{3343},0x30DE,0x30A4,0x30AF,0x30ED
\x{3344},0x30DE,0x30A4,0x30EB
\x{3345},0x30DE,0x30C3,0x30CF
\x{3346},0x30DE,0x30EB,0x30AF
\x{3347},0x30DE,0x30F3,0x30B7,0x30E7,0x30F3
\x{3348},0x30DF,0x30AF,0x30ED,0x30F3
\x{3349},0x30DF,0x30EA
\x{334A},0x30DF,0x30EA,0x30D0,0x30FC,0x30EB
\x{334B},0x30E1,0x30AC
\x{334C},0x30E1,0x30AC,0x30C8,0x30F3
\x{334D},0x30E1,0x30FC,0x30C8,0x30EB
\x{334E},0x30E4,0x30FC,0x30C9
\x{334F},0x30E4,0x30FC,0x30EB
\x{3350},0x30E6,0x30A2,0x30F3
\x{3351},0x30EA,0x30C3,0x30C8,0x30EB
\x{3352},0x30EA,0x30E9
\x{3353},0x30EB,0x30D4,0x30FC
\x{3354},0x30EB,0x30FC,0x30D6,0x30EB
\x{3355},0x30EC,0x30E0
\x{3356},0x30EC,0x30F3,0x30C8,0x30B2,0x30F3
\x{3357},0x30EF,0x30C3,0x30C8
\x{3358},0x0030,0x70B9
\x{3359},0x0031,0x70B9
\x{335A},0x0032,0x70B9
\x{335B},0x0033,0x70B9
\x{335C},0x0034,0x70B9
\x{335D},0x0035,0x70B9
\x{335E},0x0036,0x70B9
\x{335F},0x0037,0x70B9
\x{3360},0x0038,0x70B9
\x{3361},0x0039,0x70B9
\x{3362},0x0031,0x0030,0x70B9
\x{3363},0x0031,0x0031,0x70B9
\x{3364},0x0031,0x0032,0x70B9
\x{3365},0x0031,0x0033,0x70B9
\x{3366},0x0031,0x0034,0x70B9
\x{3367},0x0031,0x0035,0x70B9
\x{3368},0x0031,0x0036,0x70B9
\x{3369},0x0031,0x0037,0x70B9
\x{336A},0x0031,0x0038,0x70B9
\x{336B},0x0031,0x0039,0x70B9
\x{336C},0x0032,0x0030,0x70B9
\x{336D},0x0032,0x0031,0x70B9
\x{336E},0x0032,0x0032,0x70B9
\x{336F},0x0032,0x0033,0x70B9
\x{3370},0x0032,0x0034,0x70B9
\x{3371},0x0068,0x0050,0x0061
\x{3372},0x0064,0x0061
\x{3373},0x0041,0x0055
\x{3374},0x0062,0x0061,0x0072
\x{3375},0x006F,0x0056
\x{3376},0x0070,0x0063
\x{3377},0x0064,0x006D
\x{3378},0x0064,0x006D,0x0032
\x{3379},0x0064,0x006D,0x0033
\x{337A},0x0049,0x0055
\x{337B},0x5E73,0x6210
\x{337C},0x662D,0x548C
\x{337D},0x5927,0x6B63
\x{337E},0x660E,0x6CBB
\x{337F},0x682A,0x5F0F,0x4F1A,0x793E
\x{3380},0x0070,0x0041
\x{3381},0x006E,0x0041
\x{3382},0x03BC,0x0041
\x{3383},0x006D,0x0041
\x{3384},0x006B,0x0041
\x{3385},0x004B,0x0042
\x{3386},0x004D,0x0042
\x{3387},0x0047,0x0042
\x{3388},0x0063,0x0061,0x006C
\x{3389},0x006B,0x0063,0x0061,0x006C
\x{338A},0x0070,0x0046
\x{338B},0x006E,0x0046
\x{338C},0x03BC,0x0046
\x{338D},0x03BC,0x0067
\x{338E},0x006D,0x0067
\x{338F},0x006B,0x0067
\x{3390},0x0048,0x007A
\x{3391},0x006B,0x0048,0x007A
\x{3392},0x004D,0x0048,0x007A
\x{3393},0x0047,0x0048,0x007A
\x{3394},0x0054,0x0048,0x007A
\x{3395},0x03BC,0x006C
\x{3396},0x006D,0x006C
\x{3397},0x0064,0x006C
\x{3398},0x006B,0x006C
\x{3399},0x0066,0x006D
\x{339A},0x006E,0x006D
\x{339B},0x03BC,0x006D
\x{339C},0x006D,0x006D
\x{339D},0x0063,0x006D
\x{339E},0x006B,0x006D
\x{339F},0x006D,0x006D,0x0032
\x{33A0},0x0063,0x006D,0x0032
\x{33A1},0x006D,0x0032
\x{33A2},0x006B,0x006D,0x0032
\x{33A3},0x006D,0x006D,0x0033
\x{33A4},0x0063,0x006D,0x0033
\x{33A5},0x006D,0x0033
\x{33A6},0x006B,0x006D,0x0033
\x{33A9},0x0050,0x0061
\x{33AA},0x006B,0x0050,0x0061
\x{33AB},0x004D,0x0050,0x0061
\x{33AC},0x0047,0x0050,0x0061
\x{33AD},0x0072,0x0061,0x0064
\x{33B0},0x0070,0x0073
\x{33B1},0x006E,0x0073
\x{33B2},0x03BC,0x0073
\x{33B3},0x006D,0x0073
\x{33B4},0x0070,0x0056
\x{33B5},0x006E,0x0056
\x{33B6},0x03BC,0x0056
\x{33B7},0x006D,0x0056
\x{33B8},0x006B,0x0056
\x{33B9},0x004D,0x0056
\x{33BA},0x0070,0x0057
\x{33BB},0x006E,0x0057
\x{33BC},0x03BC,0x0057
\x{33BD},0x006D,0x0057
\x{33BE},0x006B,0x0057
\x{33BF},0x004D,0x0057
\x{33C0},0x006B,0x03A9
\x{33C1},0x004D,0x03A9
\x{33C2},0x0061,0x002E,0x006D,0x002E
\x{33C3},0x0042,0x0071
\x{33C4},0x0063,0x0063
\x{33C5},0x0063,0x0064
\x{33C7},0x0043,0x006F,0x002E
\x{33C8},0x0064,0x0042
\x{33C9},0x0047,0x0079
\x{33CA},0x0068,0x0061
\x{33CB},0x0048,0x0050
\x{33CC},0x0069,0x006E
\x{33CD},0x004B,0x004B
\x{33CE},0x004B,0x004D
\x{33CF},0x006B,0x0074
\x{33D0},0x006C,0x006D
\x{33D1},0x006C,0x006E
\x{33D2},0x006C,0x006F,0x0067
\x{33D3},0x006C,0x0078
\x{33D4},0x006D,0x0062
\x{33D5},0x006D,0x0069,0x006C
\x{33D6},0x006D,0x006F,0x006C
\x{33D7},0x0050,0x0048
\x{33D8},0x0070,0x002E,0x006D,0x002E
\x{33D9},0x0050,0x0050,0x004D
\x{33DA},0x0050,0x0052
\x{33DB},0x0073,0x0072
\x{33DC},0x0053,0x0076
\x{33DD},0x0057,0x0062
\x{33E0},0x0031,0x65E5
\x{33E1},0x0032,0x65E5
\x{33E2},0x0033,0x65E5
\x{33E3},0x0034,0x65E5
\x{33E4},0x0035,0x65E5
\x{33E5},0x0036,0x65E5
\x{33E6},0x0037,0x65E5
\x{33E7},0x0038,0x65E5
\x{33E8},0x0039,0x65E5
\x{33E9},0x0031,0x0030,0x65E5
\x{33EA},0x0031,0x0031,0x65E5
\x{33EB},0x0031,0x0032,0x65E5
\x{33EC},0x0031,0x0033,0x65E5
\x{33ED},0x0031,0x0034,0x65E5
\x{33EE},0x0031,0x0035,0x65E5
\x{33EF},0x0031,0x0036,0x65E5
\x{33F0},0x0031,0x0037,0x65E5
\x{33F1},0x0031,0x0038,0x65E5
\x{33F2},0x0031,0x0039,0x65E5
\x{33F3},0x0032,0x0030,0x65E5
\x{33F4},0x0032,0x0031,0x65E5
\x{33F5},0x0032,0x0032,0x65E5
\x{33F6},0x0032,0x0033,0x65E5
\x{33F7},0x0032,0x0034,0x65E5
\x{33F8},0x0032,0x0035,0x65E5
\x{33F9},0x0032,0x0036,0x65E5
\x{33FA},0x0032,0x0037,0x65E5
\x{33FB},0x0032,0x0038,0x65E5
\x{33FC},0x0032,0x0039,0x65E5
\x{33FD},0x0033,0x0030,0x65E5
\x{33FE},0x0033,0x0031,0x65E5
\x{33FF},0x0067,0x0061,0x006C
\x{34A7},0x5137
\x{353B},0x4E15
\x{3633},0x4E18
\x{37A2},0x4E4B
\x{3B71},0x5323
\x{3FA4},0x554C
\x{4E23},0x9149
\x{4E40},0x4E3F
\x{4E41},0x4E3F
\x{4E5A},0x4E59
\x{4E5B},0x4E59
\x{4EBB},0x4EBA
\x{4EDC},0x4ED5
\x{4EE0},0x4EDF
\x{4EFC},0x4EFB
\x{4F54},0x5360
\x{5002},0x4F75
\x{503A},0x50B5
\x{503C},0x5024
\x{50A0},0x4F10
\x{5151},0x514C
\x{5202},0x5200
\x{521A},0x525B
\x{522B},0x5225
\x{524E},0x5239
\x{5259},0x524F
\x{529D},0x52F8
\x{5300},0x52FF
\x{537D},0x5373
\x{53C4},0x53C3
\x{53C5},0x53C3
\x{53DC},0x53DF
\x{5415},0x540C
\x{5441},0x543B
\x{5457},0x5504
\x{5518},0x5553
\x{555F},0x5553
\x{55BB},0x55A9
\x{5653},0x5618
\x{56EC},0x56DE
\x{5717},0x5716
\x{5760},0x589C
\x{5784},0x58DF
\x{589E},0x5897
\x{58F3},0x58F2
\x{58F6},0x58FA
\x{58FF},0x58AB
\x{5900},0x58FD
\x{5913},0x590F
\x{59EC},0x59EB
\x{59F8},0x598D
\x{5A31},0x5A2F
\x{5A4F},0x5A29
\x{5B52},0x5B50
\x{5B53},0x5B50
\x{5B76},0x5B73
\x{5BA7},0x5BA6
\x{5BF9},0x5C0D
\x{5BFC},0x5C0E
\x{5C14},0x5C13
\x{5C18},0x5875
\x{5C23},0x5C22
\x{5C43},0x5C53
\x{5C5B},0x5C4F
\x{5DD4},0x5DD3
\x{5DDC},0x5DDB
\x{5E77},0x5E76
\x{5EEA},0x5EE9
\x{5F0E},0x4E09
\x{5F12},0x5F11
\x{5F3A},0x5F37
\x{5F5A},0x5F59
\x{5F5E},0x5F5D
\x{5FB5},0x5FB4
\x{5FC4},0x5FC3
\x{6091},0x6016
\x{60EA},0x60B3
\x{6164},0x6128
\x{6183},0x60F7
\x{61D4},0x61CD
\x{6231},0x622F
\x{623C},0x536F
\x{623E},0x623B
\x{624C},0x624B
\x{6266},0x625E
\x{62CB},0x629B
\x{631E},0x64BB
\x{63F7},0x633F
\x{6447},0x6416
\x{64CA},0x6483
\x{653A},0x6539
\x{65E3},0x65E2
\x{663B},0x6602
\x{672F},0x672E
\x{67D7},0x677E
\x{67E6},0x67E4
\x{67ED},0x679D
\x{67FA},0x67B4
\x{6805},0x67F5
\x{6986},0x6961
\x{6A6B},0x6A2A
\x{6B17},0x6B04
\x{6B81},0x6B7F
\x{6BC1},0x6BC0
\x{6BCC},0x6BCB
\x{6BCF},0x6BCE
\x{6C35},0x6C34
\x{6C3A},0x6C34
\x{6C58},0x6C57
\x{6C5B},0x6C4E
\x{6C61},0x6C5A
\x{6C9F},0x6E9D
\x{6D3A},0x6D1B
\x{6E16},0x700B
\x{6E34},0x6E07
\x{6EAB},0x6E29
\x{6EDB},0x6DEB
\x{6F51},0x6E8C
\x{6F79},0x6F7A
\x{6F8C},0x5636
\x{722B},0x722A
\x{7243},0x696A
\x{724D},0x7258
\x{725C},0x725B
\x{7275},0x727D
\x{72AD},0x72AC
\x{72BE},0x72C4
\x{72C0},0x72B6
\x{72C5},0x72C2
\x{72DA},0x72D9
\x{738A},0x7389
\x{7501},0x74F6
\x{751B},0x751C
\x{7529},0x7528
\x{7534},0x7530
\x{7535},0x7530
\x{7626},0x75E9
\x{784F},0x7814
\x{793B},0x793A
\x{795C},0x7950
\x{79C3},0x79BF
\x{7B3C},0x7C60
\x{7B53},0x7B04
\x{7B7E},0x7C64
\x{7C04},0x6EEC
\x{7C1E},0x7BAA
\x{7C6D},0x7BE9
\x{7CB5},0x7CA4
\x{7CD3},0x7A40
\x{7DD6},0x7DD2
\x{7E27},0x7D5B
\x{7E6B},0x7E4B
\x{7EB3},0x7D0D
\x{7EBA},0x7D21
\x{7EC5},0x7D33
\x{7ECA},0x7D46
\x{7EEB},0x7DBE
\x{7F05},0x7DEC
\x{7F08},0x7DF2
\x{7F12},0x7E0B
\x{7F52},0x7F51
\x{7F53},0x7F51
\x{7F97},0x7F8C
\x{7FB4},0x7FB6
\x{800A},0x800B
\x{8054},0x806F
\x{80A7},0x80DA
\x{80C8},0x80A2
\x{80D0},0x670F
\x{8141},0x80FC
\x{8157},0x813E
\x{8279},0x8278
\x{8300},0x52C3
\x{830D},0x82DF
\x{8354},0x8318
\x{8493},0x84F4
\x{8523},0x848B
\x{85B0},0x85AB
\x{85FC},0x8431
\x{865B},0x865A
\x{8715},0x86FB
\x{87A7},0x86EF
\x{8893},0x8892
\x{8980},0x897E
\x{898D},0x5F01
\x{89C1},0x898B
\x{8A3D},0x8A6C
\x{8BA0},0x8A00
\x{8CF4},0x983C
\x{8E54},0x66AB
\x{8E70},0x8E8A
\x{8EB3},0x8EAC
\x{8F21},0x8F57
\x{8F3A},0x8F1C
\x{9008},0x8FE5
\x{902C},0x8FF8
\x{90DE},0x90CE
\x{9109},0x90F7
\x{9115},0x90F7
\x{91AC},0x91A4
\x{91EF},0x92E9
\x{931E},0x51D6
\x{934A},0x932C
\x{937F},0x9319
\x{95B4},0x95C3
\x{9638},0x9628
\x{969D},0x9666
\x{96AF},0x9666
\x{9763},0x9762
\x{97B1},0x97DC
\x{97E6},0x97CB
\x{9825},0x9824
\x{9875},0x9801
\x{98A4},0x986B
\x{98A7},0x9874
\x{98CE},0x98A8
\x{98D9},0x98C6
\x{9963},0x98DF
\x{9965},0x98E2
\x{9968},0x98E9
\x{996B},0x98EB
\x{996C},0x98ED
\x{996E},0x98F2
\x{9972},0x98FC
\x{9975},0x990C
\x{9981},0x9912
\x{99DE},0x99DD
\x{9A08},0x99E2
\x{9AD9},0x9AD8
\x{9CDE},0x9C57
\x{9EAB},0x9EAA
\x{9EBD},0x9EBC
\x{A69C},0x044A
\x{A69D},0x044C
\x{F900},0x8C48
\x{F901},0x66F4
\x{F902},0x8ECA
\x{F903},0x8CC8
\x{F904},0x6ED1
\x{F905},0x4E32
\x{F906},0x53E5
\x{F907},0x9F9C
\x{F908},0x9F9C
\x{F909},0x5951
\x{F90A},0x91D1
\x{F90B},0x5587
\x{F90C},0x5948
\x{F90D},0x61F6
\x{F90E},0x7669
\x{F90F},0x7F85
\x{F910},0x863F
\x{F911},0x87BA
\x{F912},0x88F8
\x{F913},0x908F
\x{F914},0x6A02
\x{F915},0x6D1B
\x{F916},0x70D9
\x{F917},0x73DE
\x{F918},0x843D
\x{F919},0x916A
\x{F91A},0x99F1
\x{F91B},0x4E82
\x{F91C},0x5375
\x{F91D},0x6B04
\x{F91E},0x721B
\x{F91F},0x862D
\x{F920},0x9E1E
\x{F921},0x5D50
\x{F922},0x6FEB
\x{F923},0x85CD
\x{F924},0x8964
\x{F925},0x62C9
\x{F926},0x81D8
\x{F928},0x5ECA
\x{F929},0x6717
\x{F92A},0x6D6A
\x{F92B},0x72FC
\x{F92C},0x90CE
\x{F92D},0x4F86
\x{F92E},0x51B7
\x{F92F},0x52DE
\x{F931},0x6AD3
\x{F932},0x7210
\x{F933},0x76E7
\x{F934},0x8001
\x{F935},0x8606
\x{F936},0x865C
\x{F937},0x8DEF
\x{F938},0x9732
\x{F939},0x9B6F
\x{F93A},0x9DFA
\x{F93B},0x788C
\x{F93C},0x797F
\x{F940},0x9E7F
\x{F941},0x8AD6
\x{F942},0x58DF
\x{F943},0x5F04
\x{F944},0x7C60
\x{F945},0x807E
\x{F946},0x7262
\x{F947},0x78CA
\x{F948},0x8CC2
\x{F949},0x96F7
\x{F94A},0x58D8
\x{F94C},0x6A13
\x{F94E},0x6F0F
\x{F94F},0x7D2F
\x{F950},0x7E37
\x{F951},0x964B
\x{F952},0x52D2
\x{F953},0x808B
\x{F954},0x51DC
\x{F955},0x51CC
\x{F956},0x7A1C
\x{F957},0x7DBE
\x{F958},0x83F1
\x{F959},0x9675
\x{F95A},0x8B80
\x{F95B},0x62CF
\x{F95C},0x6A02
\x{F95D},0x8AFE
\x{F95E},0x4E39
\x{F95F},0x5BE7
\x{F960},0x6012
\x{F961},0x7387
\x{F962},0x7570
\x{F963},0x5317
\x{F965},0x4FBF
\x{F966},0x5FA9
\x{F967},0x4E0D
\x{F968},0x6CCC
\x{F969},0x6578
\x{F96A},0x7D22
\x{F96B},0x53C3
\x{F96C},0x585E
\x{F96D},0x7701
\x{F96E},0x8449
\x{F970},0x6BBA
\x{F971},0x8FB0
\x{F972},0x6C88
\x{F973},0x62FE
\x{F974},0x82E5
\x{F975},0x63A0
\x{F976},0x7565
\x{F977},0x4EAE
\x{F978},0x5169
\x{F979},0x51C9
\x{F97A},0x6881
\x{F97B},0x7CE7
\x{F97C},0x826F
\x{F97D},0x8AD2
\x{F97E},0x91CF
\x{F97F},0x52F5
\x{F980},0x5442
\x{F981},0x5973
\x{F982},0x5EEC
\x{F983},0x65C5
\x{F984},0x6FFE
\x{F985},0x792A
\x{F986},0x95AD
\x{F987},0x9A6A
\x{F988},0x9E97
\x{F989},0x9ECE
\x{F98A},0x529B
\x{F98D},0x8F62
\x{F98E},0x5E74
\x{F98F},0x6190
\x{F990},0x6200
\x{F991},0x649A
\x{F992},0x6F23
\x{F993},0x7149
\x{F996},0x7DF4
\x{F997},0x806F
\x{F998},0x8F26
\x{F999},0x84EE
\x{F99A},0x9023
\x{F99C},0x5217
\x{F99D},0x52A3
\x{F99E},0x54BD
\x{F99F},0x70C8
\x{F9A0},0x88C2
\x{F9A2},0x5EC9
\x{F9A3},0x5FF5
\x{F9A4},0x637B
\x{F9A6},0x7C3E
\x{F9A7},0x7375
\x{F9A8},0x4EE4
\x{F9A9},0x56F9
\x{F9AA},0x5BE7
\x{F9AB},0x5DBA
\x{F9AC},0x601C
\x{F9AD},0x73B2
\x{F9AE},0x7469
\x{F9AF},0x7F9A
\x{F9B0},0x8046
\x{F9B1},0x9234
\x{F9B2},0x96F6
\x{F9B3},0x9748
\x{F9B4},0x9818
\x{F9B5},0x4F8B
\x{F9B6},0x79AE
\x{F9B7},0x91B4
\x{F9B8},0x96B8
\x{F9B9},0x60E1
\x{F9BA},0x4E86
\x{F9BB},0x50DA
\x{F9BC},0x5BEE
\x{F9BD},0x5C3F
\x{F9BE},0x6599
\x{F9BF},0x6A02
\x{F9C0},0x71CE
\x{F9C1},0x7642
\x{F9C2},0x84FC
\x{F9C3},0x907C
\x{F9C4},0x9F8D
\x{F9C5},0x6688
\x{F9C6},0x962E
\x{F9C7},0x5289
\x{F9C9},0x67F3
\x{F9CA},0x6D41
\x{F9CB},0x6E9C
\x{F9CC},0x7409
\x{F9CD},0x7559
\x{F9CE},0x786B
\x{F9CF},0x7D10
\x{F9D0},0x985E
\x{F9D1},0x516D
\x{F9D2},0x622E
\x{F9D3},0x9678
\x{F9D4},0x502B
\x{F9D5},0x5D19
\x{F9D6},0x6DEA
\x{F9D7},0x8F2A
\x{F9D8},0x5F8B
\x{F9D9},0x6144
\x{F9DA},0x6817
\x{F9DB},0x7387
\x{F9DC},0x9686
\x{F9DD},0x5229
\x{F9DE},0x540F
\x{F9DF},0x5C65
\x{F9E0},0x6613
\x{F9E1},0x674E
\x{F9E2},0x68A8
\x{F9E3},0x6CE5
\x{F9E4},0x7406
\x{F9E5},0x75E2
\x{F9E6},0x7F79
\x{F9E7},0x88CF
\x{F9E8},0x88E1
\x{F9E9},0x91CC
\x{F9EA},0x96E2
\x{F9EB},0x533F
\x{F9EC},0x6EBA
\x{F9ED},0x541D
\x{F9EE},0x71D0
\x{F9F0},0x85FA
\x{F9F1},0x96A3
\x{F9F2},0x9C57
\x{F9F3},0x9E9F
\x{F9F4},0x6797
\x{F9F5},0x6DCB
\x{F9F6},0x81E8
\x{F9F7},0x7ACB
\x{F9F8},0x7B20
\x{F9F9},0x7C92
\x{F9FB},0x7099
\x{F9FC},0x8B58
\x{F9FD},0x4EC0
\x{F9FE},0x8336
\x{F9FF},0x523A
\x{FA00},0x5207
\x{FA01},0x5EA6
\x{FA02},0x62D3
\x{FA03},0x7CD6
\x{FA04},0x5B85
\x{FA05},0x6D1E
\x{FA06},0x66B4
\x{FA07},0x8F3B
\x{FA08},0x884C
\x{FA09},0x964D
\x{FA0A},0x898B
\x{FA0B},0x5ED3
\x{FA0C},0x5140
\x{FA10},0x585A
\x{FA11},0x57FC
\x{FA12},0x6674
\x{FA16},0x732A
\x{FA17},0x76CA
\x{FA18},0x793C
\x{FA19},0x795E
\x{FA1A},0x7965
\x{FA1B},0x798F
\x{FA1C},0x9756
\x{FA1D},0x7CBE
\x{FA1E},0x7FBD
\x{FA22},0x8AF8
\x{FA25},0x9038
\x{FA26},0x90FD
\x{FA2A},0x98EF
\x{FA2B},0x98FC
\x{FA2C},0x9928
\x{FA2D},0x9DB4
\x{FA2F},0x96B7
\x{FA30},0x4FAE
\x{FA31},0x50E7
\x{FA32},0x514D
\x{FA33},0x52C9
\x{FA34},0x52E4
\x{FA35},0x5351
\x{FA36},0x559D
\x{FA37},0x5606
\x{FA38},0x5668
\x{FA39},0x5840
\x{FA3A},0x58A8
\x{FA3B},0x5C64
\x{FA3C},0x5C6E
\x{FA3D},0x6094
\x{FA3E},0x6168
\x{FA3F},0x618E
\x{FA40},0x61F2
\x{FA41},0x654F
\x{FA42},0x65E2
\x{FA43},0x6691
\x{FA44},0x6885
\x{FA45},0x6D77
\x{FA46},0x6E1A
\x{FA47},0x6F22
\x{FA48},0x716E
\x{FA4A},0x7422
\x{FA4B},0x7891
\x{FA4C},0x793E
\x{FA4D},0x7949
\x{FA4E},0x7948
\x{FA4F},0x7950
\x{FA50},0x7956
\x{FA51},0x795D
\x{FA52},0x798D
\x{FA53},0x798E
\x{FA54},0x7A40
\x{FA55},0x7A81
\x{FA56},0x7BC0
\x{FA57},0x7DF4
\x{FA58},0x7E09
\x{FA59},0x7E41
\x{FA5A},0x7F72
\x{FA5B},0x8005
\x{FA5C},0x81ED
\x{FA5F},0x8457
\x{FA60},0x8910
\x{FA61},0x8996
\x{FA62},0x8B01
\x{FA63},0x8B39
\x{FA64},0x8CD3
\x{FA65},0x8D08
\x{FA67},0x9038
\x{FA68},0x96E3
\x{FA69},0x97FF
\x{FA6A},0x983B
\x{FA6B},0x6075
\x{FA6D},0x8218
\x{FA70},0x4E26
\x{FA71},0x51B5
\x{FA72},0x5168
\x{FA74},0x5145
\x{FA75},0x5180
\x{FA76},0x52C7
\x{FA77},0x52FA
\x{FA78},0x559D
\x{FA7A},0x5599
\x{FA7C},0x585A
\x{FA7D},0x58B3
\x{FA7E},0x5944
\x{FA7F},0x5954
\x{FA80},0x5A62
\x{FA84},0x5F69
\x{FA85},0x5FAD
\x{FA86},0x60D8
\x{FA87},0x614E
\x{FA88},0x6108
\x{FA89},0x618E
\x{FA8B},0x61F2
\x{FA8C},0x6234
\x{FA8D},0x63C4
\x{FA8E},0x641C
\x{FA90},0x6556
\x{FA91},0x6674
\x{FA92},0x6717
\x{FA93},0x671B
\x{FA94},0x6756
\x{FA95},0x6B79
\x{FA96},0x6BBA
\x{FA97},0x6D41
\x{FA99},0x6ECB
\x{FA9A},0x6F22
\x{FA9B},0x701E
\x{FA9C},0x716E
\x{FA9E},0x7235
\x{FA9F},0x72AF
\x{FAA0},0x732A
\x{FAA3},0x753B
\x{FAA5},0x761F
\x{FAA6},0x76CA
\x{FAA7},0x76DB
\x{FAA8},0x76F4
\x{FAAA},0x7740
\x{FAAD},0x7BC0
\x{FAAF},0x7D5B
\x{FAB0},0x7DF4
\x{FAB2},0x8005
\x{FAB3},0x8352
\x{FAB4},0x83EF
\x{FAB6},0x8941
\x{FAB7},0x8986
\x{FAB8},0x8996
\x{FAB9},0x8ABF
\x{FABA},0x8AF8
\x{FABB},0x8ACB
\x{FABC},0x8B01
\x{FABD},0x8AFE
\x{FABE},0x8AED
\x{FABF},0x8B39
\x{FAC0},0x8B8A
\x{FAC1},0x8D08
\x{FAC2},0x8F38
\x{FAC3},0x9072
\x{FAC7},0x96E3
\x{FAC8},0x9756
\x{FACA},0x97FF
\x{FACC},0x983B
\x{FACE},0x9F9C
\x{FB00},0x0066,0x0066
\x{FB01},0x0066,0x0069
\x{FB02},0x0066,0x006C
\x{FB03},0x0066,0x0066,0x0069
\x{FB04},0x0066,0x0066,0x006C
\x{FB05},0x0073,0x0074
\x{FB06},0x0073,0x0074
\x{FB29},0x002B
\x{FF0D},0x2010
\x{FF5E},0x301C